Epoch,Train Loss,Val Loss
1,67.472157479,49.340769203
2,48.914519292,48.272883318
